{"cameraMode":{"drawMode":0,"name":"Shaded","section":"Shading Mode"},"sceneLighting":true,"audioPlay":false,"sceneViewState":{"m_AlwaysRefresh":false,"showFog":true,"showSkybox":true,"showFlares":true,"showImageEffects":true,"showParticleSystems":true,"showVisualEffectGraphs":true,"m_FxEnabled":true},"in2DMode":false,"pivot":{"x":-0.5788907408714294,"y":1.3198111057281495,"z":-11.605339050292969},"rotation":{"x":0.26120585203170779,"y":-0.01853693090379238,"z":0.004957463592290878,"w":0.9651325941085815},"size":4.637017726898193,"orthographic":false}