{"cameraMode":{"drawMode":0,"name":"Shaded","section":"Shading Mode"},"sceneLighting":true,"audioPlay":false,"sceneViewState":{"m_AlwaysRefresh":false,"showFog":true,"showSkybox":true,"showFlares":true,"showImageEffects":true,"showParticleSystems":true,"showVisualEffectGraphs":true,"m_FxEnabled":true},"in2DMode":false,"pivot":{"x":1.108961582183838,"y":1.0216094255447388,"z":2.0628890991210939},"rotation":{"x":0.2506471872329712,"y":0.18617768585681916,"z":-0.04936470091342926,"w":0.9487894177436829},"size":15.923830032348633,"orthographic":false}